{
  "configVersion": 1,
  "index": "/index.html",
  "assetGroups": [
    {
      "name": "app",
      "installMode": "prefetch",
      "updateMode": "prefetch",
      "urls": [
        "/favicon.ico",
        "/index.html",
        "/main.53a50c6cf55a7bc25861.js",
        "/polyfills.c3d2786dadadc9b9f375.js",
        "/runtime.ec2944dd8b20ec099bf3.js",
        "/scripts.968f55bfb751cd0febb2.js",
        "/styles.31b87c59ad074c80353a.css"
      ],
      "patterns": []
    },
    {
      "name": "assets",
      "installMode": "lazy",
      "updateMode": "prefetch",
      "urls": [
        "/assets/dev_config.json",
        "/assets/dev_config.old.json",
        "/assets/dryer.png",
        "/assets/icons/icon-128x128.png",
        "/assets/icons/icon-144x144.png",
        "/assets/icons/icon-152x152.png",
        "/assets/icons/icon-192x192.png",
        "/assets/icons/icon-256x256.png",
        "/assets/icons/icon-384x384.png",
        "/assets/icons/icon-512x512.png",
        "/assets/icons/icon-64x64.png",
        "/assets/icons/icon-72x72.png",
        "/assets/icons/icon-96x96.png",
        "/assets/washer.png"
      ],
      "patterns": []
    }
  ],
  "dataGroups": [],
  "hashTable": {
    "/assets/dev_config.json": "bd7fb361eba15068ea9695b00a226332109b67bf",
    "/assets/dev_config.old.json": "146c6d32d1663f38d5173bbf919dda23b9615fb8",
    "/assets/dryer.png": "010447f45d51cc7cab36a2ff109baba83181992b",
    "/assets/icons/icon-128x128.png": "9a0cbbc511615954461f33836172d07c87da5011",
    "/assets/icons/icon-144x144.png": "b0bd89982e08f9bd2b642928f5391915b74799a7",
    "/assets/icons/icon-152x152.png": "7479a9477815dfd9668d60f8b3b2fba709b91310",
    "/assets/icons/icon-192x192.png": "1abd80d431a237a853ce38147d8c63752f10933b",
    "/assets/icons/icon-256x256.png": "47484db6f7011408e944cf21a76c6374b7492ac7",
    "/assets/icons/icon-384x384.png": "329749cd6393768d3131ed6304c136b1ca05f2fd",
    "/assets/icons/icon-512x512.png": "4bcabc08ff12fe7e314def9030e40d8a4440b5e4",
    "/assets/icons/icon-64x64.png": "d0bb6031e9e58111ab53ef6901b43a334089394f",
    "/assets/icons/icon-72x72.png": "c457e56089a36952cd67156f9996bc4ce54a5ed9",
    "/assets/icons/icon-96x96.png": "3914125a4b445bf111c5627875fc190f560daa41",
    "/assets/washer.png": "e7497af70de386b33014cf417adcd9172094d642",
    "/favicon.ico": "fa11e231a93fd9aef19e57b398d93806dfec3451",
    "/index.html": "f69368c6c613a53d454b80742e4b35654d291204",
    "/main.53a50c6cf55a7bc25861.js": "f7f32389e9f725817fc0ecb928ac45b84fbf467a",
    "/polyfills.c3d2786dadadc9b9f375.js": "78f6e9543440131f1eb59b52b18a648d93bd900b",
    "/runtime.ec2944dd8b20ec099bf3.js": "b62956c2192bfe5516d6374e753773901ed50ec5",
    "/scripts.968f55bfb751cd0febb2.js": "e5079c5e451d8b6f6faf4858c96b5433bd741d14",
    "/styles.31b87c59ad074c80353a.css": "f29b7fa4e5f175b35f084a498a2d4212c143ae69"
  },
  "navigationUrls": [
    {
      "positive": true,
      "regex": "^\\/.*$"
    },
    {
      "positive": true,
      "regex": "^\\/(?:.+\\/)?.*$"
    },
    {
      "positive": true,
      "regex": "^\\/(?:.+\\/)?(?:.+\\/)?.*$"
    },
    {
      "positive": false,
      "regex": "^\\/(?:.+\\/)?[^/]*\\.[^/]*$"
    },
    {
      "positive": false,
      "regex": "^\\/(?:.+\\/)?[^/]*__[^/]*$"
    },
    {
      "positive": false,
      "regex": "^\\/(?:.+\\/)?[^/]*__[^/]*\\/.*$"
    }
  ]
}